"treatment","N","biomass","sd","se","ci"
"Control",60,133.430607136752,52.1906185747207,6.73777988560522,13.4822664096721
"Drought",60,142.343421367521,59.6326425215308,7.6985410458743,15.4047450508173
"Rain",60,154.842601709402,65.0692519116001,8.40040430012674,16.8091701786264
